id,country_region,date,total_cases,total_deaths,total_recovered
1,Andorra,2022-07-31,3.0,0.0,3.0
2,Andorra,2022-08-31,4.0,0.0,4.0
3,Andorra,2022-09-30,4.0,0.0,4.0
4,Andorra,2022-10-31,4.0,0.0,4.0
5,Andorra,2022-11-30,4.0,0.0,4.0
6,Andorra,2022-12-31,4.0,0.0,4.0
7,Andorra,2023-01-31,4.0,0.0,4.0
8,Andorra,2023-02-28,4.0,0.0,4.0
9,Andorra,2023-03-31,4.0,0.0,4.0
10,Andorra,2023-04-30,4.0,0.0,4.0
11,Andorra,2023-05-08,4.0,0.0,4.0
12,Argentina,2022-06-30,4.0,0.0,4.0
13,Argentina,2022-07-31,20.0,0.0,20.0
14,Argentina,2022-08-31,133.0,0.0,133.0
15,Argentina,2022-09-30,396.0,0.0,396.0
16,Argentina,2022-10-31,675.0,0.0,675.0
17,Argentina,2022-11-30,944.0,1.0,943.0
18,Argentina,2022-12-31,1018.0,1.0,1017.0
19,Argentina,2023-01-31,1064.0,2.0,1062.0
20,Argentina,2023-02-28,1099.0,2.0,1097.0
21,Argentina,2023-03-31,1124.0,2.0,1122.0
22,Argentina,2023-04-30,1128.0,2.0,1126.0
23,Argentina,2023-05-09,1129.0,2.0,1127.0
24,Aruba,2022-08-31,2.0,0.0,2.0
25,Aruba,2022-09-30,3.0,0.0,3.0
26,Aruba,2022-10-31,3.0,0.0,3.0
27,Aruba,2022-11-30,3.0,0.0,3.0
28,Aruba,2022-12-31,3.0,0.0,3.0
29,Aruba,2023-01-31,3.0,0.0,3.0
30,Aruba,2023-02-28,3.0,0.0,3.0
31,Aruba,2023-03-31,3.0,0.0,3.0
32,Aruba,2023-04-30,3.0,0.0,3.0
33,Aruba,2023-05-09,3.0,0.0,3.0
34,Australia,2022-05-31,2.0,0.0,2.0
35,Australia,2022-06-30,12.0,0.0,12.0
36,Australia,2022-07-31,45.0,0.0,45.0
37,Australia,2022-08-31,106.0,0.0,106.0
38,Australia,2022-09-30,136.0,0.0,136.0
39,Australia,2022-10-31,140.0,0.0,140.0
40,Australia,2022-11-30,143.0,0.0,143.0
41,Australia,2022-12-31,144.0,0.0,144.0
42,Australia,2023-01-31,144.0,0.0,144.0
43,Australia,2023-02-28,144.0,0.0,144.0
44,Australia,2023-03-31,144.0,0.0,144.0
45,Australia,2023-04-30,144.0,0.0,144.0
46,Australia,2023-05-05,145.0,0.0,145.0
47,Austria,2022-05-31,1.0,0.0,1.0
48,Austria,2022-06-30,20.0,0.0,20.0
49,Austria,2022-07-31,118.0,0.0,118.0
50,Austria,2022-08-31,265.0,0.0,265.0
51,Austria,2022-09-30,313.0,0.0,313.0
52,Austria,2022-10-31,323.0,0.0,323.0
53,Austria,2022-11-30,326.0,0.0,326.0
54,Austria,2022-12-31,327.0,0.0,327.0
55,Austria,2023-01-31,327.0,0.0,327.0
56,Austria,2023-02-28,327.0,0.0,327.0
57,Austria,2023-03-31,327.0,0.0,327.0
58,Austria,2023-04-30,328.0,0.0,328.0
59,Austria,2023-05-08,328.0,0.0,328.0
60,Bahamas,2022-06-30,1.0,0.0,1.0
61,Bahamas,2022-07-31,1.0,0.0,1.0
62,Bahamas,2022-08-31,2.0,0.0,2.0
63,Bahamas,2022-09-30,2.0,0.0,2.0
64,Bahamas,2022-10-31,2.0,0.0,2.0
65,Bahamas,2022-11-30,2.0,0.0,2.0
66,Bahamas,2022-12-31,2.0,0.0,2.0
67,Bahamas,2023-01-31,2.0,0.0,2.0
68,Bahamas,2023-02-28,2.0,0.0,2.0
69,Bahamas,2023-03-31,2.0,0.0,2.0
70,Bahamas,2023-04-30,2.0,0.0,2.0
71,Bahamas,2023-05-09,2.0,0.0,2.0
72,Bahrain,2022-09-30,1.0,0.0,1.0
73,Bahrain,2022-10-31,1.0,0.0,1.0
74,Bahrain,2022-11-30,1.0,0.0,1.0
75,Bahrain,2022-12-31,1.0,0.0,1.0
76,Bahrain,2023-01-31,1.0,0.0,1.0
77,Bahrain,2023-02-28,1.0,0.0,1.0
78,Bahrain,2023-03-31,1.0,0.0,1.0
79,Bahrain,2023-04-16,2.0,0.0,2.0
80,Barbados,2022-07-31,1.0,0.0,1.0
81,Barbados,2022-08-31,1.0,0.0,1.0
82,Barbados,2022-09-30,1.0,0.0,1.0
83,Barbados,2022-10-31,1.0,0.0,1.0
84,Barbados,2022-11-30,1.0,0.0,1.0
85,Barbados,2022-12-31,1.0,0.0,1.0
86,Barbados,2023-01-31,1.0,0.0,1.0
87,Barbados,2023-02-28,1.0,0.0,1.0
88,Barbados,2023-03-31,1.0,0.0,1.0
89,Barbados,2023-04-30,1.0,0.0,1.0
90,Barbados,2023-05-09,1.0,0.0,1.0
91,Belgium,2022-05-31,10.0,0.0,10.0
92,Belgium,2022-06-30,117.0,0.0,117.0
93,Belgium,2022-07-31,393.0,0.0,393.0
94,Belgium,2022-08-31,706.0,1.0,705.0
95,Belgium,2022-09-30,770.0,1.0,769.0
96,Belgium,2022-10-31,785.0,1.0,784.0
97,Belgium,2022-11-30,789.0,1.0,788.0
98,Belgium,2022-12-31,790.0,1.0,789.0
99,Belgium,2023-01-31,793.0,1.0,792.0
100,Belgium,2023-02-28,793.0,2.0,791.0
101,Belgium,2023-03-31,793.0,2.0,791.0
102,Belgium,2023-04-30,793.0,2.0,791.0
103,Belgium,2023-05-08,793.0,2.0,791.0
104,Benin,2022-06-30,3.0,0.0,3.0
105,Benin,2022-07-31,3.0,0.0,3.0
106,Benin,2022-08-31,3.0,0.0,3.0
107,Benin,2022-09-30,3.0,0.0,3.0
108,Benin,2022-10-31,3.0,0.0,3.0
109,Benin,2022-11-30,3.0,0.0,3.0
110,Benin,2022-12-31,3.0,0.0,3.0
111,Benin,2023-01-31,3.0,0.0,3.0
112,Benin,2023-02-28,3.0,0.0,3.0
113,Benin,2023-03-31,3.0,0.0,3.0
114,Benin,2023-04-30,3.0,0.0,3.0
115,Benin,2023-05-05,3.0,0.0,3.0
116,Bermuda,2022-07-31,1.0,0.0,1.0
117,Bermuda,2022-08-31,1.0,0.0,1.0
118,Bermuda,2022-09-30,1.0,0.0,1.0
119,Bermuda,2022-10-31,1.0,0.0,1.0
120,Bermuda,2022-11-30,1.0,0.0,1.0
121,Bermuda,2022-12-31,1.0,0.0,1.0
122,Bermuda,2023-01-31,1.0,0.0,1.0
123,Bermuda,2023-02-28,1.0,0.0,1.0
124,Bermuda,2023-03-31,1.0,0.0,1.0
125,Bermuda,2023-04-30,1.0,0.0,1.0
126,Bermuda,2023-05-09,1.0,0.0,1.0
127,Bolivia,2022-08-31,73.0,0.0,73.0
128,Bolivia,2022-09-30,185.0,0.0,185.0
129,Bolivia,2022-10-31,241.0,0.0,241.0
130,Bolivia,2022-11-30,257.0,0.0,257.0
131,Bolivia,2022-12-31,261.0,0.0,261.0
132,Bolivia,2023-01-31,263.0,0.0,263.0
133,Bolivia,2023-02-28,265.0,0.0,265.0
134,Bolivia,2023-03-31,265.0,0.0,265.0
135,Bolivia,2023-04-30,265.0,0.0,265.0
136,Bolivia,2023-05-09,265.0,0.0,265.0
137,Bosnia and Herzegovina,2022-07-31,1.0,0.0,1.0
138,Bosnia and Herzegovina,2022-08-31,3.0,0.0,3.0
139,Bosnia and Herzegovina,2022-09-30,5.0,0.0,5.0
140,Bosnia and Herzegovina,2022-10-31,9.0,0.0,9.0
141,Bosnia and Herzegovina,2022-11-30,9.0,0.0,9.0
142,Bosnia and Herzegovina,2022-12-31,9.0,0.0,9.0
143,Bosnia and Herzegovina,2023-01-31,9.0,0.0,9.0
144,Bosnia and Herzegovina,2023-02-28,9.0,0.0,9.0
145,Bosnia and Herzegovina,2023-03-31,9.0,0.0,9.0
146,Bosnia and Herzegovina,2023-04-30,9.0,0.0,9.0
147,Bosnia and Herzegovina,2023-05-08,9.0,0.0,9.0
148,Brazil,2022-06-30,36.0,0.0,36.0
149,Brazil,2022-07-31,978.0,0.0,978.0
150,Brazil,2022-08-31,4693.0,1.0,4692.0
151,Brazil,2022-09-30,7687.0,2.0,7685.0
152,Brazil,2022-10-31,9183.0,8.0,9175.0
153,Brazil,2022-11-30,10007.0,13.0,9994.0
154,Brazil,2022-12-31,10508.0,14.0,10494.0
155,Brazil,2023-01-31,10739.0,15.0,10724.0
156,Brazil,2023-02-28,10846.0,15.0,10831.0
157,Brazil,2023-03-31,10890.0,15.0,10875.0
158,Brazil,2023-04-30,10915.0,16.0,10899.0
159,Brazil,2023-05-09,10920.0,16.0,10904.0
160,Bulgaria,2022-06-30,3.0,0.0,3.0
161,Bulgaria,2022-07-31,4.0,0.0,4.0
162,Bulgaria,2022-08-31,4.0,0.0,4.0
163,Bulgaria,2022-09-30,6.0,0.0,6.0
164,Bulgaria,2022-10-31,6.0,0.0,6.0
165,Bulgaria,2022-11-30,6.0,0.0,6.0
166,Bulgaria,2022-12-31,6.0,0.0,6.0
167,Bulgaria,2023-01-31,6.0,0.0,6.0
168,Bulgaria,2023-02-28,6.0,0.0,6.0
169,Bulgaria,2023-03-31,6.0,0.0,6.0
170,Bulgaria,2023-04-30,6.0,0.0,6.0
171,Bulgaria,2023-05-08,6.0,0.0,6.0
172,Cameroon,2022-05-31,4.0,1.0,3.0
173,Cameroon,2022-06-30,6.0,1.0,5.0
174,Cameroon,2022-07-31,8.0,1.0,7.0
175,Cameroon,2022-08-31,8.0,3.0,5.0
176,Cameroon,2022-09-30,10.0,3.0,7.0
177,Cameroon,2022-10-31,16.0,3.0,13.0
178,Cameroon,2022-11-30,18.0,3.0,15.0
179,Cameroon,2022-12-31,18.0,3.0,15.0
180,Cameroon,2023-01-31,18.0,3.0,15.0
181,Cameroon,2023-02-28,18.0,3.0,15.0
182,Cameroon,2023-03-31,18.0,3.0,15.0
183,Cameroon,2023-04-30,18.0,3.0,15.0
184,Cameroon,2023-05-05,18.0,3.0,15.0
185,Canada,2022-06-30,278.0,0.0,278.0
186,Canada,2022-07-31,803.0,0.0,803.0
187,Canada,2022-08-31,1228.0,0.0,1228.0
188,Canada,2022-09-30,1396.0,0.0,1396.0
189,Canada,2022-10-31,1435.0,0.0,1435.0
190,Canada,2022-11-30,1456.0,0.0,1456.0
191,Canada,2022-12-31,1460.0,0.0,1460.0
192,Canada,2023-01-31,1460.0,0.0,1460.0
193,Canada,2023-02-28,1460.0,0.0,1460.0
194,Canada,2023-03-31,1478.0,0.0,1478.0
195,Canada,2023-04-30,1484.0,0.0,1484.0
196,Canada,2023-05-09,1484.0,0.0,1484.0
197,Central African Republic,2022-05-31,4.0,0.0,4.0
198,Central African Republic,2022-06-30,4.0,0.0,4.0
199,Central African Republic,2022-07-31,6.0,0.0,6.0
200,Central African Republic,2022-08-31,8.0,0.0,8.0
201,Central African Republic,2022-09-30,10.0,0.0,10.0
202,Central African Republic,2022-10-31,13.0,0.0,13.0
203,Central African Republic,2022-11-30,13.0,0.0,13.0
204,Central African Republic,2022-12-31,16.0,0.0,16.0
205,Central African Republic,2023-01-31,22.0,0.0,22.0
206,Central African Republic,2023-02-28,27.0,1.0,26.0
207,Central African Republic,2023-03-31,28.0,1.0,27.0
208,Central African Republic,2023-04-30,28.0,1.0,27.0
209,Central African Republic,2023-05-05,28.0,1.0,27.0
210,Chile,2022-06-30,6.0,0.0,6.0
211,Chile,2022-07-31,55.0,0.0,55.0
212,Chile,2022-08-31,344.0,0.0,344.0
213,Chile,2022-09-30,880.0,0.0,880.0
214,Chile,2022-10-31,1163.0,0.0,1163.0
215,Chile,2022-11-30,1311.0,2.0,1309.0
216,Chile,2022-12-31,1377.0,2.0,1375.0
217,Chile,2023-01-31,1411.0,2.0,1409.0
218,Chile,2023-02-28,1431.0,2.0,1429.0
219,Chile,2023-03-31,1437.0,2.0,1435.0
220,Chile,2023-04-30,1440.0,2.0,1438.0
221,Chile,2023-05-09,1441.0,2.0,1439.0
222,China,2022-06-30,1.0,0.0,1.0
223,China,2022-07-31,2.0,0.0,2.0
224,China,2022-08-31,3.0,0.0,3.0
225,China,2022-09-30,5.0,0.0,5.0
226,China,2022-10-31,6.0,0.0,6.0
227,China,2022-11-30,6.0,0.0,6.0
228,China,2022-12-31,6.0,0.0,6.0
229,China,2023-01-31,6.0,0.0,6.0
230,China,2023-02-28,8.0,0.0,8.0
231,China,2023-03-31,24.0,0.0,24.0
232,China,2023-04-30,55.0,0.0,55.0
233,China,2023-05-02,71.0,0.0,71.0
234,Colombia,2022-06-30,3.0,0.0,3.0
235,Colombia,2022-07-31,12.0,0.0,12.0
236,Colombia,2022-08-31,582.0,0.0,582.0
237,Colombia,2022-09-30,2042.0,0.0,2042.0
238,Colombia,2022-10-31,3298.0,0.0,3298.0
239,Colombia,2022-11-30,3852.0,0.0,3852.0
240,Colombia,2022-12-31,4021.0,0.0,4021.0
241,Colombia,2023-01-31,4066.0,0.0,4066.0
242,Colombia,2023-02-28,4081.0,0.0,4081.0
243,Colombia,2023-03-31,4089.0,0.0,4089.0
244,Colombia,2023-04-30,4090.0,0.0,4090.0
245,Colombia,2023-05-09,4090.0,0.0,4090.0
246,Congo,2022-05-31,2.0,0.0,2.0
247,Congo,2022-06-30,2.0,0.0,2.0
248,Congo,2022-07-31,2.0,0.0,2.0
249,Congo,2022-08-31,3.0,0.0,3.0
250,Congo,2022-09-30,5.0,0.0,5.0
251,Congo,2022-10-31,5.0,0.0,5.0
252,Congo,2022-11-30,5.0,0.0,5.0
253,Congo,2022-12-31,5.0,0.0,5.0
254,Congo,2023-01-31,5.0,0.0,5.0
255,Congo,2023-02-28,5.0,0.0,5.0
256,Congo,2023-03-31,5.0,0.0,5.0
257,Congo,2023-04-30,5.0,0.0,5.0
258,Congo,2023-05-05,5.0,0.0,5.0
259,Costa Rica,2022-07-31,3.0,0.0,3.0
260,Costa Rica,2022-08-31,3.0,0.0,3.0
261,Costa Rica,2022-09-30,4.0,0.0,4.0
262,Costa Rica,2022-10-31,8.0,0.0,8.0
263,Costa Rica,2022-11-30,24.0,0.0,24.0
264,Costa Rica,2022-12-31,70.0,0.0,70.0
265,Costa Rica,2023-01-31,140.0,0.0,140.0
266,Costa Rica,2023-02-28,188.0,0.0,188.0
267,Costa Rica,2023-03-31,217.0,0.0,217.0
268,Costa Rica,2023-04-30,221.0,0.0,221.0
269,Costa Rica,2023-05-09,221.0,0.0,221.0
270,Croatia,2022-06-30,1.0,0.0,1.0
271,Croatia,2022-07-31,11.0,0.0,11.0
272,Croatia,2022-08-31,26.0,0.0,26.0
273,Croatia,2022-09-30,29.0,0.0,29.0
274,Croatia,2022-10-31,29.0,0.0,29.0
275,Croatia,2022-11-30,29.0,0.0,29.0
276,Croatia,2022-12-31,29.0,0.0,29.0
277,Croatia,2023-01-31,33.0,0.0,33.0
278,Croatia,2023-02-28,33.0,0.0,33.0
279,Croatia,2023-03-31,33.0,0.0,33.0
280,Croatia,2023-04-30,33.0,0.0,33.0
281,Croatia,2023-05-08,33.0,0.0,33.0
282,Cuba,2022-08-31,1.0,1.0,0.0
283,Cuba,2022-09-30,3.0,1.0,2.0
284,Cuba,2022-10-31,4.0,1.0,3.0
285,Cuba,2022-11-30,8.0,1.0,7.0
286,Cuba,2022-12-31,8.0,1.0,7.0
287,Cuba,2023-01-31,8.0,1.0,7.0
288,Cuba,2023-02-28,8.0,1.0,7.0
289,Cuba,2023-03-31,8.0,1.0,7.0
290,Cuba,2023-04-30,8.0,1.0,7.0
291,Cuba,2023-05-09,8.0,1.0,7.0
292,Curacao,2022-08-31,1.0,0.0,1.0
293,Curacao,2022-09-30,3.0,0.0,3.0
294,Curacao,2022-10-31,3.0,0.0,3.0
295,Curacao,2022-11-30,3.0,0.0,3.0
296,Curacao,2022-12-31,3.0,0.0,3.0
297,Curacao,2023-01-31,3.0,0.0,3.0
298,Curacao,2023-02-28,3.0,0.0,3.0
299,Curacao,2023-03-31,3.0,0.0,3.0
300,Curacao,2023-04-30,3.0,0.0,3.0
301,Curacao,2023-05-09,3.0,0.0,3.0
302,Cyprus,2022-08-31,5.0,0.0,5.0
303,Cyprus,2022-09-30,5.0,0.0,5.0
304,Cyprus,2022-10-31,5.0,0.0,5.0
305,Cyprus,2022-11-30,5.0,0.0,5.0
306,Cyprus,2022-12-31,5.0,0.0,5.0
307,Cyprus,2023-01-31,5.0,0.0,5.0
308,Cyprus,2023-02-28,5.0,0.0,5.0
309,Cyprus,2023-03-31,5.0,0.0,5.0
310,Cyprus,2023-04-30,5.0,0.0,5.0
311,Cyprus,2023-05-08,5.0,0.0,5.0
312,Czechia,2022-05-31,5.0,0.0,5.0
313,Czechia,2022-06-30,8.0,0.0,8.0
314,Czechia,2022-07-31,16.0,0.0,16.0
315,Czechia,2022-08-31,48.0,0.0,48.0
316,Czechia,2022-09-30,67.0,1.0,66.0
317,Czechia,2022-10-31,70.0,1.0,69.0
318,Czechia,2022-11-30,70.0,1.0,69.0
319,Czechia,2022-12-31,71.0,1.0,70.0
320,Czechia,2023-01-31,71.0,1.0,70.0
321,Czechia,2023-02-28,71.0,1.0,70.0
322,Czechia,2023-03-31,71.0,1.0,70.0
323,Czechia,2023-04-30,71.0,1.0,70.0
324,Czechia,2023-05-08,71.0,1.0,70.0
325,Democratic Republic of Congo,2022-05-31,10.0,0.0,10.0
326,Democratic Republic of Congo,2022-06-30,100.0,0.0,100.0
327,Democratic Republic of Congo,2022-07-31,100.0,0.0,100.0
328,Democratic Republic of Congo,2022-08-31,174.0,0.0,174.0
329,Democratic Republic of Congo,2022-09-30,202.0,0.0,202.0
330,Democratic Republic of Congo,2022-10-31,251.0,0.0,251.0
331,Democratic Republic of Congo,2022-11-30,272.0,0.0,272.0
332,Democratic Republic of Congo,2022-12-31,279.0,0.0,279.0
333,Democratic Republic of Congo,2023-01-31,377.0,0.0,377.0
334,Democratic Republic of Congo,2023-02-28,420.0,0.0,420.0
335,Democratic Republic of Congo,2023-03-31,453.0,0.0,453.0
336,Democratic Republic of Congo,2023-04-30,556.0,0.0,556.0
337,Democratic Republic of Congo,2023-05-05,556.0,0.0,556.0
338,Denmark,2022-05-31,2.0,0.0,2.0
339,Denmark,2022-06-30,20.0,0.0,20.0
340,Denmark,2022-07-31,81.0,0.0,81.0
341,Denmark,2022-08-31,174.0,0.0,174.0
342,Denmark,2022-09-30,185.0,0.0,185.0
343,Denmark,2022-10-31,191.0,0.0,191.0
344,Denmark,2022-11-30,191.0,0.0,191.0
345,Denmark,2022-12-31,192.0,0.0,192.0
346,Denmark,2023-01-31,196.0,0.0,196.0
347,Denmark,2023-02-28,196.0,0.0,196.0
348,Denmark,2023-03-31,196.0,0.0,196.0
349,Denmark,2023-04-30,196.0,0.0,196.0
350,Denmark,2023-05-08,196.0,0.0,196.0
351,Dominican Republic,2022-07-31,3.0,0.0,3.0
352,Dominican Republic,2022-08-31,7.0,0.0,7.0
353,Dominican Republic,2022-09-30,31.0,0.0,31.0
354,Dominican Republic,2022-10-31,52.0,0.0,52.0
355,Dominican Republic,2022-11-30,52.0,0.0,52.0
356,Dominican Republic,2022-12-31,52.0,0.0,52.0
357,Dominican Republic,2023-01-31,52.0,0.0,52.0
358,Dominican Republic,2023-02-28,52.0,0.0,52.0
359,Dominican Republic,2023-03-31,52.0,0.0,52.0
360,Dominican Republic,2023-04-30,52.0,0.0,52.0
361,Dominican Republic,2023-05-09,52.0,0.0,52.0
362,Ecuador,2022-07-31,3.0,0.0,3.0
363,Ecuador,2022-08-31,51.0,0.0,51.0
364,Ecuador,2022-09-30,120.0,0.0,120.0
365,Ecuador,2022-10-31,243.0,0.0,243.0
366,Ecuador,2022-11-30,346.0,0.0,346.0
367,Ecuador,2022-12-31,441.0,2.0,439.0
368,Ecuador,2023-01-31,483.0,2.0,481.0
369,Ecuador,2023-02-28,512.0,3.0,509.0
370,Ecuador,2023-03-31,530.0,3.0,527.0
371,Ecuador,2023-04-30,533.0,3.0,530.0
372,Ecuador,2023-05-09,533.0,3.0,530.0
373,Egypt,2022-09-30,1.0,0.0,1.0
374,Egypt,2022-10-31,1.0,0.0,1.0
375,Egypt,2022-11-30,1.0,0.0,1.0
376,Egypt,2022-12-12,3.0,0.0,3.0
377,El Salvador,2022-09-30,5.0,0.0,5.0
378,El Salvador,2022-10-31,13.0,0.0,13.0
379,El Salvador,2022-11-30,21.0,0.0,21.0
380,El Salvador,2022-12-31,69.0,0.0,69.0
381,El Salvador,2023-01-31,88.0,0.0,88.0
382,El Salvador,2023-02-28,96.0,0.0,96.0
383,El Salvador,2023-03-31,98.0,0.0,98.0
384,El Salvador,2023-04-30,104.0,0.0,104.0
385,El Salvador,2023-05-09,104.0,0.0,104.0
386,Estonia,2022-06-30,1.0,0.0,1.0
387,Estonia,2022-07-31,5.0,0.0,5.0
388,Estonia,2022-08-31,10.0,0.0,10.0
389,Estonia,2022-09-30,11.0,0.0,11.0
390,Estonia,2022-10-31,11.0,0.0,11.0
391,Estonia,2022-11-30,11.0,0.0,11.0
392,Estonia,2022-12-31,11.0,0.0,11.0
393,Estonia,2023-01-31,11.0,0.0,11.0
394,Estonia,2023-02-28,11.0,0.0,11.0
395,Estonia,2023-03-31,11.0,0.0,11.0
396,Estonia,2023-04-30,11.0,0.0,11.0
397,Estonia,2023-05-08,11.0,0.0,11.0
398,Finland,2022-05-31,1.0,0.0,1.0
399,Finland,2022-06-30,4.0,0.0,4.0
400,Finland,2022-07-31,17.0,0.0,17.0
401,Finland,2022-08-31,22.0,0.0,22.0
402,Finland,2022-09-30,40.0,0.0,40.0
403,Finland,2022-10-31,41.0,0.0,41.0
404,Finland,2022-11-30,42.0,0.0,42.0
405,Finland,2022-12-31,42.0,0.0,42.0
406,Finland,2023-01-31,42.0,0.0,42.0
407,Finland,2023-02-28,42.0,0.0,42.0
408,Finland,2023-03-31,42.0,0.0,42.0
409,Finland,2023-04-30,42.0,0.0,42.0
410,Finland,2023-05-08,42.0,0.0,42.0
411,France,2022-05-31,17.0,0.0,17.0
412,France,2022-06-30,498.0,0.0,498.0
413,France,2022-07-31,1837.0,0.0,1837.0
414,France,2022-08-31,3547.0,0.0,3547.0
415,France,2022-09-30,3999.0,0.0,3999.0
416,France,2022-10-31,4094.0,0.0,4094.0
417,France,2022-11-30,4107.0,0.0,4107.0
418,France,2022-12-31,4114.0,0.0,4114.0
419,France,2023-01-31,4128.0,0.0,4128.0
420,France,2023-02-28,4128.0,0.0,4128.0
421,France,2023-03-31,4128.0,0.0,4128.0
422,France,2023-04-30,4144.0,0.0,4144.0
423,France,2023-05-08,4146.0,0.0,4146.0
424,Georgia,2022-06-30,1.0,0.0,1.0
425,Georgia,2022-07-31,1.0,0.0,1.0
426,Georgia,2022-08-31,2.0,0.0,2.0
427,Georgia,2022-09-30,2.0,0.0,2.0
428,Georgia,2022-10-31,2.0,0.0,2.0
429,Georgia,2022-11-30,2.0,0.0,2.0
430,Georgia,2022-12-31,2.0,0.0,2.0
431,Georgia,2023-01-31,2.0,0.0,2.0
432,Georgia,2023-02-28,2.0,0.0,2.0
433,Georgia,2023-03-31,2.0,0.0,2.0
434,Georgia,2023-04-30,2.0,0.0,2.0
435,Georgia,2023-05-08,2.0,0.0,2.0
436,Germany,2022-05-31,33.0,0.0,33.0
437,Germany,2022-06-30,969.0,0.0,969.0
438,Germany,2022-07-31,2595.0,0.0,2595.0
439,Germany,2022-08-31,3467.0,0.0,3467.0
440,Germany,2022-09-30,3625.0,0.0,3625.0
441,Germany,2022-10-31,3662.0,0.0,3662.0
442,Germany,2022-11-30,3671.0,0.0,3671.0
443,Germany,2022-12-31,3676.0,0.0,3676.0
444,Germany,2023-01-31,3691.0,0.0,3691.0
445,Germany,2023-02-28,3691.0,0.0,3691.0
446,Germany,2023-03-31,3691.0,0.0,3691.0
447,Germany,2023-04-30,3691.0,0.0,3691.0
448,Germany,2023-05-08,3691.0,0.0,3691.0
449,Ghana,2022-05-31,2.0,0.0,2.0
450,Ghana,2022-06-30,23.0,0.0,23.0
451,Ghana,2022-07-31,51.0,1.0,50.0
452,Ghana,2022-08-31,85.0,4.0,81.0
453,Ghana,2022-09-30,104.0,4.0,100.0
454,Ghana,2022-10-31,107.0,4.0,103.0
455,Ghana,2022-11-30,110.0,4.0,106.0
456,Ghana,2022-12-31,121.0,4.0,117.0
457,Ghana,2023-01-31,123.0,4.0,119.0
458,Ghana,2023-02-28,123.0,4.0,119.0
459,Ghana,2023-03-31,124.0,4.0,120.0
460,Ghana,2023-04-30,124.0,4.0,120.0
461,Ghana,2023-05-05,124.0,4.0,120.0
462,Gibraltar,2022-06-30,1.0,0.0,1.0
463,Gibraltar,2022-07-31,5.0,0.0,5.0
464,Gibraltar,2022-08-31,6.0,0.0,6.0
465,Gibraltar,2022-09-30,6.0,0.0,6.0
466,Gibraltar,2022-10-31,6.0,0.0,6.0
467,Gibraltar,2022-11-30,6.0,0.0,6.0
468,Gibraltar,2022-12-31,6.0,0.0,6.0
469,Gibraltar,2023-01-31,6.0,0.0,6.0
470,Gibraltar,2023-02-28,6.0,0.0,6.0
471,Gibraltar,2023-03-31,6.0,0.0,6.0
472,Gibraltar,2023-04-30,6.0,0.0,6.0
473,Gibraltar,2023-05-08,6.0,0.0,6.0
474,Greece,2022-06-30,3.0,0.0,3.0
475,Greece,2022-07-31,32.0,0.0,32.0
476,Greece,2022-08-31,56.0,0.0,56.0
477,Greece,2022-09-30,80.0,0.0,80.0
478,Greece,2022-10-31,84.0,0.0,84.0
479,Greece,2022-11-30,85.0,0.0,85.0
480,Greece,2022-12-31,85.0,0.0,85.0
481,Greece,2023-01-31,86.0,0.0,86.0
482,Greece,2023-02-28,86.0,0.0,86.0
483,Greece,2023-03-31,87.0,0.0,87.0
484,Greece,2023-04-30,87.0,0.0,87.0
485,Greece,2023-05-08,88.0,0.0,88.0
486,Greenland,2022-08-31,2.0,0.0,2.0
487,Greenland,2022-09-30,2.0,0.0,2.0
488,Greenland,2022-10-31,2.0,0.0,2.0
489,Greenland,2022-11-30,2.0,0.0,2.0
490,Greenland,2022-12-31,2.0,0.0,2.0
491,Greenland,2023-01-31,2.0,0.0,2.0
492,Greenland,2023-02-28,2.0,0.0,2.0
493,Greenland,2023-03-31,2.0,0.0,2.0
494,Greenland,2023-04-30,2.0,0.0,2.0
495,Greenland,2023-05-08,2.0,0.0,2.0
496,Guadeloupe,2022-08-31,1.0,0.0,1.0
497,Guadeloupe,2022-09-30,1.0,0.0,1.0
498,Guadeloupe,2022-10-31,1.0,0.0,1.0
499,Guadeloupe,2022-11-30,1.0,0.0,1.0
500,Guadeloupe,2022-12-31,1.0,0.0,1.0
501,Guadeloupe,2023-01-31,1.0,0.0,1.0
502,Guadeloupe,2023-02-28,1.0,0.0,1.0
503,Guadeloupe,2023-03-31,1.0,0.0,1.0
504,Guadeloupe,2023-04-30,1.0,0.0,1.0
505,Guadeloupe,2023-05-09,1.0,0.0,1.0
506,Guam,2022-09-12,1.0,0.0,1.0
507,Guatemala,2022-08-31,6.0,0.0,6.0
508,Guatemala,2022-09-30,24.0,0.0,24.0
509,Guatemala,2022-10-31,74.0,0.0,74.0
510,Guatemala,2022-11-30,172.0,0.0,172.0
511,Guatemala,2022-12-31,259.0,0.0,259.0
512,Guatemala,2023-01-31,348.0,0.0,348.0
513,Guatemala,2023-02-28,390.0,0.0,390.0
514,Guatemala,2023-03-31,404.0,0.0,404.0
515,Guatemala,2023-04-30,404.0,1.0,403.0
516,Guatemala,2023-05-09,404.0,1.0,403.0
517,Guyana,2022-08-31,2.0,0.0,2.0
518,Guyana,2022-09-30,2.0,0.0,2.0
519,Guyana,2022-10-31,2.0,0.0,2.0
520,Guyana,2022-11-30,2.0,0.0,2.0
521,Guyana,2022-12-31,2.0,0.0,2.0
522,Guyana,2023-01-31,2.0,0.0,2.0
523,Guyana,2023-02-28,2.0,0.0,2.0
524,Guyana,2023-03-31,2.0,0.0,2.0
525,Guyana,2023-04-30,2.0,0.0,2.0
526,Guyana,2023-05-09,2.0,0.0,2.0
527,Honduras,2022-08-31,4.0,0.0,4.0
528,Honduras,2022-09-30,6.0,0.0,6.0
529,Honduras,2022-10-31,7.0,0.0,7.0
530,Honduras,2022-11-30,11.0,0.0,11.0
531,Honduras,2022-12-31,11.0,0.0,11.0
532,Honduras,2023-01-31,13.0,0.0,13.0
533,Honduras,2023-02-28,18.0,0.0,18.0
534,Honduras,2023-03-31,38.0,0.0,38.0
535,Honduras,2023-04-30,42.0,0.0,42.0
536,Honduras,2023-05-09,42.0,0.0,42.0
537,Hungary,2022-05-31,1.0,0.0,1.0
538,Hungary,2022-06-30,18.0,0.0,18.0
539,Hungary,2022-07-31,37.0,0.0,37.0
540,Hungary,2022-08-31,70.0,0.0,70.0
541,Hungary,2022-09-30,77.0,0.0,77.0
542,Hungary,2022-10-31,80.0,0.0,80.0
543,Hungary,2022-11-30,80.0,0.0,80.0
544,Hungary,2022-12-31,80.0,0.0,80.0
545,Hungary,2023-01-31,80.0,0.0,80.0
546,Hungary,2023-02-28,80.0,0.0,80.0
547,Hungary,2023-03-31,80.0,0.0,80.0
548,Hungary,2023-04-30,80.0,0.0,80.0
549,Hungary,2023-05-08,80.0,0.0,80.0
550,Iceland,2022-06-30,4.0,0.0,4.0
551,Iceland,2022-07-31,9.0,0.0,9.0
552,Iceland,2022-08-31,12.0,0.0,12.0
553,Iceland,2022-09-30,14.0,0.0,14.0
554,Iceland,2022-10-31,16.0,0.0,16.0
555,Iceland,2022-11-30,16.0,0.0,16.0
556,Iceland,2022-12-31,16.0,0.0,16.0
557,Iceland,2023-01-31,16.0,0.0,16.0
558,Iceland,2023-02-28,16.0,0.0,16.0
559,Iceland,2023-03-31,16.0,0.0,16.0
560,Iceland,2023-04-30,16.0,0.0,16.0
561,Iceland,2023-05-08,16.0,0.0,16.0
562,India,2022-07-31,4.0,0.0,4.0
563,India,2022-08-31,10.0,1.0,9.0
564,India,2022-09-30,12.0,1.0,11.0
565,India,2022-10-31,17.0,1.0,16.0
566,India,2022-11-30,17.0,1.0,16.0
567,India,2022-12-31,20.0,1.0,19.0
568,India,2023-01-31,22.0,1.0,21.0
569,India,2023-02-28,22.0,1.0,21.0
570,India,2023-03-31,22.0,1.0,21.0
571,India,2023-04-26,22.0,1.0,21.0
572,Indonesia,2022-08-31,1.0,0.0,1.0
573,Indonesia,2022-09-30,1.0,0.0,1.0
574,Indonesia,2022-10-31,1.0,0.0,1.0
575,Indonesia,2022-11-30,1.0,0.0,1.0
576,Indonesia,2022-12-31,1.0,0.0,1.0
577,Indonesia,2023-01-31,1.0,0.0,1.0
578,Indonesia,2023-02-28,1.0,0.0,1.0
579,Indonesia,2023-03-31,1.0,0.0,1.0
580,Indonesia,2023-04-26,1.0,0.0,1.0
581,Iran,2022-08-18,1.0,0.0,1.0
582,Ireland,2022-05-31,9.0,0.0,9.0
583,Ireland,2022-06-30,39.0,0.0,39.0
584,Ireland,2022-07-31,85.0,0.0,85.0
585,Ireland,2022-08-31,144.0,0.0,144.0
586,Ireland,2022-09-30,183.0,0.0,183.0
587,Ireland,2022-10-31,206.0,0.0,206.0
588,Ireland,2022-11-30,220.0,0.0,220.0
589,Ireland,2022-12-31,225.0,0.0,225.0
590,Ireland,2023-01-31,228.0,0.0,228.0
591,Ireland,2023-02-28,228.0,0.0,228.0
592,Ireland,2023-03-31,228.0,0.0,228.0
593,Ireland,2023-04-30,228.0,0.0,228.0
594,Ireland,2023-05-08,229.0,0.0,229.0
595,Israel,2022-05-31,2.0,0.0,2.0
596,Israel,2022-06-30,42.0,0.0,42.0
597,Israel,2022-07-31,121.0,0.0,121.0
598,Israel,2022-08-31,234.0,0.0,234.0
599,Israel,2022-09-30,250.0,0.0,250.0
600,Israel,2022-10-31,262.0,0.0,262.0
601,Israel,2022-11-30,262.0,0.0,262.0
602,Israel,2022-12-31,262.0,0.0,262.0
603,Israel,2023-01-31,262.0,0.0,262.0
604,Israel,2023-02-28,262.0,0.0,262.0
605,Israel,2023-03-31,262.0,0.0,262.0
606,Israel,2023-04-30,262.0,0.0,262.0
607,Israel,2023-05-08,262.0,0.0,262.0
608,Italy,2022-05-31,14.0,0.0,14.0
609,Italy,2022-06-30,159.0,0.0,159.0
610,Italy,2022-07-31,426.0,0.0,426.0
611,Italy,2022-08-31,760.0,0.0,760.0
612,Italy,2022-09-30,850.0,0.0,850.0
613,Italy,2022-10-31,894.0,0.0,894.0
614,Italy,2022-11-30,920.0,0.0,920.0
615,Italy,2022-12-31,938.0,0.0,938.0
616,Italy,2023-01-31,954.0,0.0,954.0
617,Italy,2023-02-28,957.0,0.0,957.0
618,Italy,2023-03-31,957.0,0.0,957.0
619,Italy,2023-04-30,957.0,0.0,957.0
620,Italy,2023-05-08,957.0,0.0,957.0
621,Jamaica,2022-07-31,2.0,0.0,2.0
622,Jamaica,2022-08-31,5.0,0.0,5.0
623,Jamaica,2022-09-30,14.0,0.0,14.0
624,Jamaica,2022-10-31,16.0,0.0,16.0
625,Jamaica,2022-11-30,18.0,0.0,18.0
626,Jamaica,2022-12-31,18.0,0.0,18.0
627,Jamaica,2023-01-31,18.0,0.0,18.0
628,Jamaica,2023-02-28,18.0,0.0,18.0
629,Jamaica,2023-03-31,21.0,0.0,21.0
630,Jamaica,2023-04-30,21.0,0.0,21.0
631,Jamaica,2023-05-09,21.0,0.0,21.0
632,Japan,2022-05-31,0.0,0.0,0.0
633,Japan,2022-06-30,0.0,0.0,0.0
634,Japan,2022-07-31,2.0,0.0,2.0
635,Japan,2022-08-31,4.0,0.0,4.0
636,Japan,2022-09-30,6.0,0.0,6.0
637,Japan,2022-10-31,7.0,0.0,7.0
638,Japan,2022-11-30,7.0,0.0,7.0
639,Japan,2022-12-31,8.0,0.0,8.0
640,Japan,2023-01-31,15.0,0.0,15.0
641,Japan,2023-02-28,22.0,0.0,22.0
642,Japan,2023-03-31,82.0,0.0,82.0
643,Japan,2023-04-30,121.0,0.0,121.0
644,Japan,2023-05-02,127.0,0.0,127.0
645,Jordan,2022-09-08,1.0,0.0,1.0
646,Latvia,2022-06-30,2.0,0.0,2.0
647,Latvia,2022-07-31,3.0,0.0,3.0
648,Latvia,2022-08-31,4.0,0.0,4.0
649,Latvia,2022-09-30,5.0,0.0,5.0
650,Latvia,2022-10-31,6.0,0.0,6.0
651,Latvia,2022-11-30,6.0,0.0,6.0
652,Latvia,2022-12-31,6.0,0.0,6.0
653,Latvia,2023-01-31,6.0,0.0,6.0
654,Latvia,2023-02-28,6.0,0.0,6.0
655,Latvia,2023-03-31,6.0,0.0,6.0
656,Latvia,2023-04-30,6.0,0.0,6.0
657,Latvia,2023-05-08,6.0,0.0,6.0
658,Lebanon,2022-06-30,1.0,0.0,1.0
659,Lebanon,2022-07-31,4.0,0.0,4.0
660,Lebanon,2022-08-31,6.0,0.0,6.0
661,Lebanon,2022-09-30,11.0,0.0,11.0
662,Lebanon,2022-10-31,18.0,0.0,18.0
663,Lebanon,2022-11-30,24.0,0.0,24.0
664,Lebanon,2022-12-31,24.0,0.0,24.0
665,Lebanon,2023-01-31,26.0,0.0,26.0
666,Lebanon,2023-02-28,26.0,0.0,26.0
667,Lebanon,2023-03-09,27.0,0.0,27.0
668,Liberia,2022-07-31,1.0,0.0,1.0
669,Liberia,2022-08-31,3.0,0.0,3.0
670,Liberia,2022-09-30,3.0,0.0,3.0
671,Liberia,2022-10-31,3.0,0.0,3.0
672,Liberia,2022-11-30,4.0,0.0,4.0
673,Liberia,2022-12-31,6.0,0.0,6.0
674,Liberia,2023-01-31,7.0,0.0,7.0
675,Liberia,2023-02-28,8.0,0.0,8.0
676,Liberia,2023-03-31,10.0,0.0,10.0
677,Liberia,2023-04-30,12.0,0.0,12.0
678,Liberia,2023-05-05,12.0,0.0,12.0
679,Lithuania,2022-08-31,5.0,0.0,5.0
680,Lithuania,2022-09-30,5.0,0.0,5.0
681,Lithuania,2022-10-31,5.0,0.0,5.0
682,Lithuania,2022-11-30,5.0,0.0,5.0
683,Lithuania,2022-12-31,5.0,0.0,5.0
684,Lithuania,2023-01-31,5.0,0.0,5.0
685,Lithuania,2023-02-28,5.0,0.0,5.0
686,Lithuania,2023-03-31,5.0,0.0,5.0
687,Lithuania,2023-04-30,5.0,0.0,5.0
688,Lithuania,2023-05-08,5.0,0.0,5.0
689,Luxembourg,2022-06-30,3.0,0.0,3.0
690,Luxembourg,2022-07-31,23.0,0.0,23.0
691,Luxembourg,2022-08-31,53.0,0.0,53.0
692,Luxembourg,2022-09-30,55.0,0.0,55.0
693,Luxembourg,2022-10-31,55.0,0.0,55.0
694,Luxembourg,2022-11-30,57.0,0.0,57.0
695,Luxembourg,2022-12-31,57.0,0.0,57.0
696,Luxembourg,2023-01-31,57.0,0.0,57.0
697,Luxembourg,2023-02-28,57.0,0.0,57.0
698,Luxembourg,2023-03-31,57.0,0.0,57.0
699,Luxembourg,2023-04-30,57.0,0.0,57.0
700,Luxembourg,2023-05-08,57.0,0.0,57.0
701,Malta,2022-05-31,1.0,0.0,1.0
702,Malta,2022-06-30,6.0,0.0,6.0
703,Malta,2022-07-31,17.0,0.0,17.0
704,Malta,2022-08-31,31.0,0.0,31.0
705,Malta,2022-09-30,33.0,0.0,33.0
706,Malta,2022-10-31,33.0,0.0,33.0
707,Malta,2022-11-30,33.0,0.0,33.0
708,Malta,2022-12-31,33.0,0.0,33.0
709,Malta,2023-01-31,33.0,0.0,33.0
710,Malta,2023-02-28,33.0,0.0,33.0
711,Malta,2023-03-31,34.0,0.0,34.0
712,Malta,2023-04-30,34.0,0.0,34.0
713,Malta,2023-05-08,34.0,0.0,34.0
714,Martinique,2022-07-31,1.0,0.0,1.0
715,Martinique,2022-08-31,1.0,0.0,1.0
716,Martinique,2022-09-30,1.0,0.0,1.0
717,Martinique,2022-10-31,1.0,0.0,1.0
718,Martinique,2022-11-30,1.0,0.0,1.0
719,Martinique,2022-12-31,1.0,0.0,1.0
720,Martinique,2023-01-31,7.0,0.0,7.0
721,Martinique,2023-02-28,7.0,0.0,7.0
722,Martinique,2023-03-31,7.0,0.0,7.0
723,Martinique,2023-04-30,7.0,0.0,7.0
724,Martinique,2023-05-09,7.0,0.0,7.0
725,Mexico,2022-06-30,15.0,0.0,15.0
726,Mexico,2022-07-31,59.0,0.0,59.0
727,Mexico,2022-08-31,504.0,0.0,504.0
728,Mexico,2022-09-30,1627.0,0.0,1627.0
729,Mexico,2022-10-31,2654.0,0.0,2654.0
730,Mexico,2022-11-30,3361.0,4.0,3357.0
731,Mexico,2022-12-31,3637.0,4.0,3633.0
732,Mexico,2023-01-31,3768.0,4.0,3764.0
733,Mexico,2023-02-28,3877.0,4.0,3873.0
734,Mexico,2023-03-31,3937.0,4.0,3933.0
735,Mexico,2023-04-30,3965.0,14.0,3951.0
736,Mexico,2023-05-09,4010.0,26.0,3984.0
737,Moldova,2022-08-31,2.0,0.0,2.0
738,Moldova,2022-09-30,2.0,0.0,2.0
739,Moldova,2022-10-31,2.0,0.0,2.0
740,Moldova,2022-11-30,2.0,0.0,2.0
741,Moldova,2022-12-31,2.0,0.0,2.0
742,Moldova,2023-01-31,2.0,0.0,2.0
743,Moldova,2023-02-28,2.0,0.0,2.0
744,Moldova,2023-03-31,2.0,0.0,2.0
745,Moldova,2023-04-30,2.0,0.0,2.0
746,Moldova,2023-05-08,2.0,0.0,2.0
747,Monaco,2022-08-31,3.0,0.0,3.0
748,Monaco,2022-09-30,3.0,0.0,3.0
749,Monaco,2022-10-31,3.0,0.0,3.0
750,Monaco,2022-11-30,3.0,0.0,3.0
751,Monaco,2022-12-31,3.0,0.0,3.0
752,Monaco,2023-01-31,3.0,0.0,3.0
753,Monaco,2023-02-28,3.0,0.0,3.0
754,Monaco,2023-03-31,3.0,0.0,3.0
755,Monaco,2023-04-30,3.0,0.0,3.0
756,Monaco,2023-05-08,3.0,0.0,3.0
757,Montenegro,2022-07-31,1.0,0.0,1.0
758,Montenegro,2022-08-31,2.0,0.0,2.0
759,Montenegro,2022-09-30,2.0,0.0,2.0
760,Montenegro,2022-10-31,2.0,0.0,2.0
761,Montenegro,2022-11-30,2.0,0.0,2.0
762,Montenegro,2022-12-31,2.0,0.0,2.0
763,Montenegro,2023-01-31,2.0,0.0,2.0
764,Montenegro,2023-02-28,2.0,0.0,2.0
765,Montenegro,2023-03-31,2.0,0.0,2.0
766,Montenegro,2023-04-30,2.0,0.0,2.0
767,Montenegro,2023-05-08,2.0,0.0,2.0
768,Morocco,2022-06-30,1.0,0.0,1.0
769,Morocco,2022-07-31,1.0,0.0,1.0
770,Morocco,2022-08-29,3.0,0.0,3.0
771,Mozambique,2022-10-31,1.0,1.0,0.0
772,Mozambique,2022-11-30,1.0,1.0,0.0
773,Mozambique,2022-12-31,1.0,1.0,0.0
774,Mozambique,2023-01-31,1.0,1.0,0.0
775,Mozambique,2023-02-28,1.0,1.0,0.0
776,Mozambique,2023-03-31,1.0,1.0,0.0
777,Mozambique,2023-04-30,1.0,1.0,0.0
778,Mozambique,2023-05-05,1.0,1.0,0.0
779,Netherlands,2022-05-31,26.0,0.0,26.0
780,Netherlands,2022-06-30,257.0,0.0,257.0
781,Netherlands,2022-07-31,879.0,0.0,879.0
782,Netherlands,2022-08-31,1160.0,0.0,1160.0
783,Netherlands,2022-09-30,1219.0,0.0,1219.0
784,Netherlands,2022-10-31,1235.0,0.0,1235.0
785,Netherlands,2022-11-30,1251.0,0.0,1251.0
786,Netherlands,2022-12-31,1256.0,0.0,1256.0
787,Netherlands,2023-01-31,1260.0,0.0,1260.0
788,Netherlands,2023-02-28,1261.0,0.0,1261.0
789,Netherlands,2023-03-31,1262.0,0.0,1262.0
790,Netherlands,2023-04-30,1263.0,0.0,1263.0
791,Netherlands,2023-05-08,1264.0,0.0,1264.0
792,New Caledonia,2022-07-12,1.0,0.0,1.0
793,New Zealand,2022-07-31,2.0,0.0,2.0
794,New Zealand,2022-08-31,4.0,0.0,4.0
795,New Zealand,2022-09-30,9.0,0.0,9.0
796,New Zealand,2022-10-31,28.0,0.0,28.0
797,New Zealand,2022-11-30,36.0,0.0,36.0
798,New Zealand,2022-12-31,40.0,0.0,40.0
799,New Zealand,2023-01-22,41.0,0.0,41.0
800,Nigeria,2022-05-31,21.0,1.0,20.0
801,Nigeria,2022-06-30,63.0,2.0,61.0
802,Nigeria,2022-07-31,157.0,3.0,154.0
803,Nigeria,2022-08-31,277.0,6.0,271.0
804,Nigeria,2022-09-30,481.0,7.0,474.0
805,Nigeria,2022-10-31,604.0,7.0,597.0
806,Nigeria,2022-11-30,680.0,7.0,673.0
807,Nigeria,2022-12-31,763.0,7.0,756.0
808,Nigeria,2023-01-31,790.0,8.0,782.0
809,Nigeria,2023-02-28,811.0,9.0,802.0
810,Nigeria,2023-03-31,833.0,9.0,824.0
811,Nigeria,2023-04-30,835.0,9.0,826.0
812,Nigeria,2023-05-05,835.0,9.0,826.0
813,Norway,2022-05-31,1.0,0.0,1.0
814,Norway,2022-06-30,15.0,0.0,15.0
815,Norway,2022-07-31,51.0,0.0,51.0
816,Norway,2022-08-31,80.0,0.0,80.0
817,Norway,2022-09-30,92.0,0.0,92.0
818,Norway,2022-10-31,93.0,0.0,93.0
819,Norway,2022-11-30,93.0,0.0,93.0
820,Norway,2022-12-31,93.0,0.0,93.0
821,Norway,2023-01-31,95.0,0.0,95.0
822,Norway,2023-02-28,95.0,0.0,95.0
823,Norway,2023-03-31,95.0,0.0,95.0
824,Norway,2023-04-30,95.0,0.0,95.0
825,Norway,2023-05-08,95.0,0.0,95.0
826,Pakistan,2023-04-30,1.0,0.0,1.0
827,Pakistan,2023-05-02,2.0,0.0,2.0
828,Panama,2022-07-31,1.0,0.0,1.0
829,Panama,2022-08-31,10.0,0.0,10.0
830,Panama,2022-09-30,14.0,0.0,14.0
831,Panama,2022-10-31,16.0,0.0,16.0
832,Panama,2022-11-30,48.0,0.0,48.0
833,Panama,2022-12-31,78.0,0.0,78.0
834,Panama,2023-01-31,110.0,0.0,110.0
835,Panama,2023-02-28,160.0,0.0,160.0
836,Panama,2023-03-31,189.0,0.0,189.0
837,Panama,2023-04-30,223.0,1.0,222.0
838,Panama,2023-05-09,226.0,1.0,225.0
839,Paraguay,2022-08-31,1.0,0.0,1.0
840,Paraguay,2022-09-30,2.0,0.0,2.0
841,Paraguay,2022-10-31,3.0,0.0,3.0
842,Paraguay,2022-11-30,24.0,0.0,24.0
843,Paraguay,2022-12-31,48.0,0.0,48.0
844,Paraguay,2023-01-31,82.0,0.0,82.0
845,Paraguay,2023-02-28,109.0,0.0,109.0
846,Paraguay,2023-03-31,119.0,0.0,119.0
847,Paraguay,2023-04-30,125.0,0.0,125.0
848,Paraguay,2023-05-09,125.0,0.0,125.0
849,Peru,2022-06-30,3.0,0.0,3.0
850,Peru,2022-07-31,269.0,0.0,269.0
851,Peru,2022-08-31,1463.0,0.0,1463.0
852,Peru,2022-09-30,2480.0,0.0,2480.0
853,Peru,2022-10-31,3048.0,0.0,3048.0
854,Peru,2022-11-30,3466.0,0.0,3466.0
855,Peru,2022-12-31,3643.0,8.0,3635.0
856,Peru,2023-01-31,3723.0,15.0,3708.0
857,Peru,2023-02-28,3752.0,15.0,3737.0
858,Peru,2023-03-31,3785.0,20.0,3765.0
859,Peru,2023-04-30,3800.0,20.0,3780.0
860,Peru,2023-05-09,3800.0,20.0,3780.0
861,Philippines,2022-07-31,1.0,0.0,1.0
862,Philippines,2022-08-22,4.0,0.0,4.0
863,Poland,2022-06-30,10.0,0.0,10.0
864,Poland,2022-07-31,53.0,0.0,53.0
865,Poland,2022-08-31,130.0,0.0,130.0
866,Poland,2022-09-30,188.0,0.0,188.0
867,Poland,2022-10-31,206.0,0.0,206.0
868,Poland,2022-11-30,214.0,0.0,214.0
869,Poland,2022-12-31,214.0,0.0,214.0
870,Poland,2023-01-31,215.0,0.0,215.0
871,Poland,2023-02-28,215.0,0.0,215.0
872,Poland,2023-03-31,215.0,0.0,215.0
873,Poland,2023-04-30,217.0,0.0,217.0
874,Poland,2023-05-08,217.0,0.0,217.0
875,Portugal,2022-05-31,100.0,0.0,100.0
876,Portugal,2022-06-30,402.0,0.0,402.0
877,Portugal,2022-07-31,633.0,0.0,633.0
878,Portugal,2022-08-31,846.0,0.0,846.0
879,Portugal,2022-09-30,926.0,0.0,926.0
880,Portugal,2022-10-31,944.0,0.0,944.0
881,Portugal,2022-11-30,948.0,0.0,948.0
882,Portugal,2022-12-31,948.0,0.0,948.0
883,Portugal,2023-01-31,951.0,0.0,951.0
884,Portugal,2023-02-28,951.0,0.0,951.0
885,Portugal,2023-03-31,951.0,0.0,951.0
886,Portugal,2023-04-30,953.0,0.0,953.0
887,Portugal,2023-05-08,953.0,0.0,953.0
888,Puerto Rico,2022-07-31,13.0,0.0,13.0
889,Puerto Rico,2022-08-31,107.0,0.0,107.0
890,Puerto Rico,2022-09-30,182.0,0.0,182.0
891,Puerto Rico,2022-10-31,199.0,0.0,199.0
892,Puerto Rico,2022-11-30,205.0,0.0,205.0
893,Puerto Rico,2022-12-31,208.0,0.0,208.0
894,Puerto Rico,2023-01-31,210.0,0.0,210.0
895,Puerto Rico,2023-02-28,210.0,0.0,210.0
896,Puerto Rico,2023-03-31,211.0,0.0,211.0
897,Puerto Rico,2023-04-30,211.0,0.0,211.0
898,Puerto Rico,2023-05-09,211.0,0.0,211.0
899,Qatar,2022-07-31,2.0,0.0,2.0
900,Qatar,2022-08-31,3.0,0.0,3.0
901,Qatar,2022-09-20,5.0,0.0,5.0
902,Romania,2022-06-30,11.0,0.0,11.0
903,Romania,2022-07-31,20.0,0.0,20.0
904,Romania,2022-08-31,36.0,0.0,36.0
905,Romania,2022-09-30,40.0,0.0,40.0
906,Romania,2022-10-31,43.0,0.0,43.0
907,Romania,2022-11-30,45.0,0.0,45.0
908,Romania,2022-12-31,46.0,0.0,46.0
909,Romania,2023-01-31,47.0,0.0,47.0
910,Romania,2023-02-28,47.0,0.0,47.0
911,Romania,2023-03-31,47.0,0.0,47.0
912,Romania,2023-04-30,47.0,0.0,47.0
913,Romania,2023-05-08,47.0,0.0,47.0
914,Russia,2022-07-31,1.0,0.0,1.0
915,Russia,2022-08-31,1.0,0.0,1.0
916,Russia,2022-09-30,2.0,0.0,2.0
917,Russia,2022-10-31,2.0,0.0,2.0
918,Russia,2022-11-30,2.0,0.0,2.0
919,Russia,2022-12-31,2.0,0.0,2.0
920,Russia,2023-01-31,2.0,0.0,2.0
921,Russia,2023-02-28,2.0,0.0,2.0
922,Russia,2023-03-31,2.0,0.0,2.0
923,Russia,2023-04-30,2.0,0.0,2.0
924,Russia,2023-05-08,2.0,0.0,2.0
925,Saint Martin (French part),2022-08-31,1.0,0.0,1.0
926,Saint Martin (French part),2022-09-30,1.0,0.0,1.0
927,Saint Martin (French part),2022-10-31,1.0,0.0,1.0
928,Saint Martin (French part),2022-11-30,1.0,0.0,1.0
929,Saint Martin (French part),2022-12-31,1.0,0.0,1.0
930,Saint Martin (French part),2023-01-31,1.0,0.0,1.0
931,Saint Martin (French part),2023-02-28,1.0,0.0,1.0
932,Saint Martin (French part),2023-03-31,1.0,0.0,1.0
933,Saint Martin (French part),2023-04-30,1.0,0.0,1.0
934,Saint Martin (French part),2023-05-09,1.0,0.0,1.0
935,San Marino,2022-09-30,0.0,0.0,0.0
936,San Marino,2022-10-31,1.0,0.0,1.0
937,San Marino,2022-11-30,1.0,0.0,1.0
938,San Marino,2022-12-31,1.0,0.0,1.0
939,San Marino,2023-01-31,1.0,0.0,1.0
940,San Marino,2023-02-28,1.0,0.0,1.0
941,San Marino,2023-03-31,1.0,0.0,1.0
942,San Marino,2023-04-30,1.0,0.0,1.0
943,San Marino,2023-05-08,1.0,0.0,1.0
944,Saudi Arabia,2022-07-31,4.0,0.0,4.0
945,Saudi Arabia,2022-08-30,8.0,0.0,8.0
946,Serbia,2022-06-30,1.0,0.0,1.0
947,Serbia,2022-07-31,10.0,0.0,10.0
948,Serbia,2022-08-31,31.0,0.0,31.0
949,Serbia,2022-09-30,40.0,0.0,40.0
950,Serbia,2022-10-31,40.0,0.0,40.0
951,Serbia,2022-11-30,40.0,0.0,40.0
952,Serbia,2022-12-31,40.0,0.0,40.0
953,Serbia,2023-01-31,40.0,0.0,40.0
954,Serbia,2023-02-28,40.0,0.0,40.0
955,Serbia,2023-03-31,40.0,0.0,40.0
956,Serbia,2023-04-30,40.0,0.0,40.0
957,Serbia,2023-05-08,40.0,0.0,40.0
958,Singapore,2022-06-30,1.0,0.0,1.0
959,Singapore,2022-07-31,11.0,0.0,11.0
960,Singapore,2022-08-31,16.0,0.0,16.0
961,Singapore,2022-09-30,19.0,0.0,19.0
962,Singapore,2022-10-31,19.0,0.0,19.0
963,Singapore,2022-11-30,19.0,0.0,19.0
964,Singapore,2022-12-31,19.0,0.0,19.0
965,Singapore,2023-01-31,21.0,0.0,21.0
966,Singapore,2023-02-28,21.0,0.0,21.0
967,Singapore,2023-03-31,22.0,0.0,22.0
968,Singapore,2023-04-30,23.0,0.0,23.0
969,Singapore,2023-05-05,25.0,0.0,25.0
970,Slovakia,2022-07-31,6.0,0.0,6.0
971,Slovakia,2022-08-31,12.0,0.0,12.0
972,Slovakia,2022-09-30,14.0,0.0,14.0
973,Slovakia,2022-10-31,14.0,0.0,14.0
974,Slovakia,2022-11-30,14.0,0.0,14.0
975,Slovakia,2022-12-31,14.0,0.0,14.0
976,Slovakia,2023-01-31,14.0,0.0,14.0
977,Slovakia,2023-02-28,14.0,0.0,14.0
978,Slovakia,2023-03-31,14.0,0.0,14.0
979,Slovakia,2023-04-30,14.0,0.0,14.0
980,Slovakia,2023-05-08,14.0,0.0,14.0
981,Slovenia,2022-05-31,2.0,0.0,2.0
982,Slovenia,2022-06-30,9.0,0.0,9.0
983,Slovenia,2022-07-31,33.0,0.0,33.0
984,Slovenia,2022-08-31,43.0,0.0,43.0
985,Slovenia,2022-09-30,47.0,0.0,47.0
986,Slovenia,2022-10-31,47.0,0.0,47.0
987,Slovenia,2022-11-30,47.0,0.0,47.0
988,Slovenia,2022-12-31,47.0,0.0,47.0
989,Slovenia,2023-01-31,47.0,0.0,47.0
990,Slovenia,2023-02-28,47.0,0.0,47.0
991,Slovenia,2023-03-31,47.0,0.0,47.0
992,Slovenia,2023-04-30,47.0,0.0,47.0
993,Slovenia,2023-05-08,47.0,0.0,47.0
994,South Africa,2022-07-31,3.0,0.0,3.0
995,South Africa,2022-08-31,5.0,0.0,5.0
996,South Africa,2022-09-30,5.0,0.0,5.0
997,South Africa,2022-10-31,5.0,0.0,5.0
998,South Africa,2022-11-30,5.0,0.0,5.0
999,South Africa,2022-12-31,5.0,0.0,5.0
1000,South Africa,2023-01-31,5.0,0.0,5.0
1001,South Africa,2023-02-28,5.0,0.0,5.0
1002,South Africa,2023-03-31,5.0,0.0,5.0
1003,South Africa,2023-04-30,5.0,0.0,5.0
1004,South Africa,2023-05-05,5.0,0.0,5.0
1005,South Korea,2022-06-30,1.0,0.0,1.0
1006,South Korea,2022-07-31,1.0,0.0,1.0
1007,South Korea,2022-08-31,1.0,0.0,1.0
1008,South Korea,2022-09-30,2.0,0.0,2.0
1009,South Korea,2022-10-31,2.0,0.0,2.0
1010,South Korea,2022-11-30,4.0,0.0,4.0
1011,South Korea,2022-12-31,4.0,0.0,4.0
1012,South Korea,2023-01-31,4.0,0.0,4.0
1013,South Korea,2023-02-28,4.0,0.0,4.0
1014,South Korea,2023-03-31,5.0,0.0,5.0
1015,South Korea,2023-04-30,43.0,0.0,43.0
1016,South Korea,2023-05-07,60.0,0.0,60.0
1017,Spain,2022-05-31,98.0,0.0,98.0
1018,Spain,2022-06-30,800.0,0.0,800.0
1019,Spain,2022-07-31,3738.0,0.0,3738.0
1020,Spain,2022-08-31,6543.0,2.0,6541.0
1021,Spain,2022-09-30,7188.0,2.0,7186.0
1022,Spain,2022-10-31,7317.0,2.0,7315.0
1023,Spain,2022-11-30,7408.0,3.0,7405.0
1024,Spain,2022-12-31,7496.0,3.0,7493.0
1025,Spain,2023-01-31,7528.0,3.0,7525.0
1026,Spain,2023-02-28,7543.0,3.0,7540.0
1027,Spain,2023-03-31,7546.0,3.0,7543.0
1028,Spain,2023-04-30,7549.0,3.0,7546.0
1029,Spain,2023-05-08,7551.0,3.0,7548.0
1030,Sri Lanka,2022-11-30,2.0,0.0,2.0
1031,Sri Lanka,2022-12-31,2.0,0.0,2.0
1032,Sri Lanka,2023-01-31,2.0,0.0,2.0
1033,Sri Lanka,2023-02-28,2.0,0.0,2.0
1034,Sri Lanka,2023-03-31,2.0,0.0,2.0
1035,Sri Lanka,2023-04-26,2.0,0.0,2.0
1036,Sudan,2022-08-31,2.0,0.0,2.0
1037,Sudan,2022-09-30,7.0,1.0,6.0
1038,Sudan,2022-10-31,18.0,1.0,17.0
1039,Sudan,2022-11-30,18.0,1.0,17.0
1040,Sudan,2022-12-31,18.0,1.0,17.0
1041,Sudan,2023-01-31,18.0,1.0,17.0
1042,Sudan,2023-02-28,18.0,1.0,17.0
1043,Sudan,2023-03-31,18.0,1.0,17.0
1044,Sudan,2023-04-05,19.0,1.0,18.0
1045,Sweden,2022-05-31,4.0,0.0,4.0
1046,Sweden,2022-06-30,28.0,0.0,28.0
1047,Sweden,2022-07-31,85.0,0.0,85.0
1048,Sweden,2022-08-31,157.0,0.0,157.0
1049,Sweden,2022-09-30,195.0,0.0,195.0
1050,Sweden,2022-10-31,212.0,0.0,212.0
1051,Sweden,2022-11-30,229.0,0.0,229.0
1052,Sweden,2022-12-31,250.0,0.0,250.0
1053,Sweden,2023-01-31,260.0,0.0,260.0
1054,Sweden,2023-02-28,260.0,0.0,260.0
1055,Sweden,2023-03-31,260.0,0.0,260.0
1056,Sweden,2023-04-30,260.0,0.0,260.0
1057,Sweden,2023-05-08,260.0,0.0,260.0
1058,Switzerland,2022-05-31,4.0,0.0,4.0
1059,Switzerland,2022-06-30,83.0,0.0,83.0
1060,Switzerland,2022-07-31,264.0,0.0,264.0
1061,Switzerland,2022-08-31,456.0,0.0,456.0
1062,Switzerland,2022-09-30,513.0,0.0,513.0
1063,Switzerland,2022-10-31,546.0,0.0,546.0
1064,Switzerland,2022-11-30,550.0,0.0,550.0
1065,Switzerland,2022-12-31,551.0,0.0,551.0
1066,Switzerland,2023-01-31,551.0,0.0,551.0
1067,Switzerland,2023-02-28,551.0,0.0,551.0
1068,Switzerland,2023-03-31,552.0,0.0,552.0
1069,Switzerland,2023-04-30,552.0,0.0,552.0
1070,Switzerland,2023-05-08,552.0,0.0,552.0
1071,Thailand,2022-07-31,2.0,0.0,2.0
1072,Thailand,2022-08-31,7.0,0.0,7.0
1073,Thailand,2022-09-30,8.0,0.0,8.0
1074,Thailand,2022-10-31,12.0,0.0,12.0
1075,Thailand,2022-11-30,12.0,0.0,12.0
1076,Thailand,2022-12-31,12.0,0.0,12.0
1077,Thailand,2023-01-31,12.0,0.0,12.0
1078,Thailand,2023-02-28,15.0,0.0,15.0
1079,Thailand,2023-03-31,18.0,0.0,18.0
1080,Thailand,2023-04-26,21.0,0.0,21.0
1081,Turkey,2022-06-30,1.0,0.0,1.0
1082,Turkey,2022-07-31,1.0,0.0,1.0
1083,Turkey,2022-08-31,1.0,0.0,1.0
1084,Turkey,2022-09-30,1.0,0.0,1.0
1085,Turkey,2022-10-31,12.0,0.0,12.0
1086,Turkey,2022-11-30,12.0,0.0,12.0
1087,Turkey,2022-12-31,12.0,0.0,12.0
1088,Turkey,2023-01-31,12.0,0.0,12.0
1089,Turkey,2023-02-28,12.0,0.0,12.0
1090,Turkey,2023-03-31,12.0,0.0,12.0
1091,Turkey,2023-04-30,12.0,0.0,12.0
1092,Turkey,2023-05-08,12.0,0.0,12.0
1093,Ukraine,2022-09-30,3.0,0.0,3.0
1094,Ukraine,2022-10-31,5.0,0.0,5.0
1095,Ukraine,2022-11-30,5.0,0.0,5.0
1096,Ukraine,2022-12-31,5.0,0.0,5.0
1097,Ukraine,2023-01-31,5.0,0.0,5.0
1098,Ukraine,2023-02-28,5.0,0.0,5.0
1099,Ukraine,2023-03-31,5.0,0.0,5.0
1100,Ukraine,2023-04-30,5.0,0.0,5.0
1101,Ukraine,2023-05-08,5.0,0.0,5.0
1102,United Arab Emirates,2022-05-31,4.0,0.0,4.0
1103,United Arab Emirates,2022-06-30,13.0,0.0,13.0
1104,United Arab Emirates,2022-07-24,16.0,0.0,16.0
1105,United Kingdom,2022-05-31,190.0,0.0,190.0
1106,United Kingdom,2022-06-30,1235.0,0.0,1235.0
1107,United Kingdom,2022-07-31,2432.0,0.0,2432.0
1108,United Kingdom,2022-08-31,3413.0,0.0,3413.0
1109,United Kingdom,2022-09-30,3635.0,0.0,3635.0
1110,United Kingdom,2022-10-31,3698.0,0.0,3698.0
1111,United Kingdom,2022-11-30,3725.0,0.0,3725.0
1112,United Kingdom,2022-12-31,3730.0,0.0,3730.0
1113,United Kingdom,2023-01-31,3735.0,0.0,3735.0
1114,United Kingdom,2023-02-28,3735.0,0.0,3735.0
1115,United Kingdom,2023-03-31,3738.0,0.0,3738.0
1116,United Kingdom,2023-04-30,3741.0,0.0,3741.0
1117,United Kingdom,2023-05-08,3741.0,0.0,3741.0
1118,United States,2022-06-30,306.0,0.0,306.0
1119,United States,2022-07-31,4897.0,0.0,4897.0
1120,United States,2022-08-31,17994.0,0.0,17994.0
1121,United States,2022-09-30,25434.0,1.0,25433.0
1122,United States,2022-10-31,28049.0,6.0,28043.0
1123,United States,2022-11-30,29127.0,15.0,29112.0
1124,United States,2022-12-31,29603.0,20.0,29583.0
1125,United States,2023-01-31,29891.0,26.0,29865.0
1126,United States,2023-02-28,30012.0,32.0,29980.0
1127,United States,2023-03-31,30079.0,38.0,30041.0
1128,United States,2023-04-30,30154.0,42.0,30112.0
1129,United States,2023-05-09,30154.0,42.0,30112.0
1130,Uruguay,2022-07-31,1.0,0.0,1.0
1131,Uruguay,2022-08-31,4.0,0.0,4.0
1132,Uruguay,2022-09-30,8.0,0.0,8.0
1133,Uruguay,2022-10-31,13.0,0.0,13.0
1134,Uruguay,2022-11-30,14.0,0.0,14.0
1135,Uruguay,2022-12-31,19.0,0.0,19.0
1136,Uruguay,2023-01-31,19.0,0.0,19.0
1137,Uruguay,2023-02-28,19.0,0.0,19.0
1138,Uruguay,2023-03-31,19.0,0.0,19.0
1139,Uruguay,2023-04-30,19.0,0.0,19.0
1140,Uruguay,2023-05-09,19.0,0.0,19.0
1141,Venezuela,2022-06-30,1.0,0.0,1.0
1142,Venezuela,2022-07-31,1.0,0.0,1.0
1143,Venezuela,2022-08-31,3.0,0.0,3.0
1144,Venezuela,2022-09-30,5.0,0.0,5.0
1145,Venezuela,2022-10-31,10.0,0.0,10.0
1146,Venezuela,2022-11-30,10.0,0.0,10.0
1147,Venezuela,2022-12-31,12.0,0.0,12.0
1148,Venezuela,2023-01-31,12.0,0.0,12.0
1149,Venezuela,2023-02-28,12.0,0.0,12.0
1150,Venezuela,2023-03-31,12.0,0.0,12.0
1151,Venezuela,2023-04-30,12.0,0.0,12.0
1152,Venezuela,2023-05-09,12.0,0.0,12.0
1153,Vietnam,2022-10-19,2.0,0.0,2.0
1154,World,2022-05-31,570.0,2.0,568.0
1155,World,2022-06-30,5655.0,3.0,5652.0
1156,World,2022-07-31,21600.0,5.0,21595.0
1157,World,2022-08-31,50566.0,19.0,50547.0
1158,World,2022-09-30,68372.0,24.0,68348.0
1159,World,2022-10-31,77042.0,36.0,77006.0
1160,World,2022-11-30,81738.0,58.0,81680.0
1161,World,2022-12-31,84102.0,74.0,84028.0
1162,World,2023-01-31,85521.0,90.0,85431.0
1163,World,2023-02-28,86269.0,100.0,86169.0
1164,World,2023-03-31,86807.0,111.0,86696.0
1165,World,2023-04-30,87271.0,128.0,87143.0
1166,World,2023-05-09,87376.0,140.0,87236.0
